{
    "observation.state": {
        "min": [
            -28.259231567382812,
            -99.47871398925781,
            -92.208984375,
            46.356834411621094,
            -11.843711853027344,
            1.0960670709609985
        ],
        "max": [
            27.128862380981445,
            44.309295654296875,
            99.63336181640625,
            98.58211517333984,
            8.864468574523926,
            44.87427520751953
        ],
        "mean": [
            2.654482674788976,
            -57.47383318284753,
            57.6860490293725,
            71.33218765587927,
            0.02819053316046906,
            6.5502895098292075
        ],
        "std": [
            12.261387489588074,
            50.49002754618011,
            50.91145858167565,
            9.28457694709962,
            2.792665038899331,
            9.805019400705243
        ],
        "count": [
            4636
        ],
        "q01": [
            -26.363119643103044,
            -99.46985624330927,
            -60.92278673473569,
            53.093094999755216,
            -6.73121690855703,
            1.154825614561183
        ],
        "q10": [
            -22.625563495188242,
            -99.46938275242168,
            -15.03947321882459,
            57.82940165498943,
            -4.584849500126239,
            1.160335085652826
        ],
        "q50": [
            3.887278089413133,
            -97.69019730627114,
            94.814163212388,
            72.07825112786458,
            0.6827458426539423,
            1.214872396532015
        ],
        "q90": [
            17.129649477895637,
            17.5283547021275,
            99.20681664413893,
            81.3736453869556,
            2.28627338368759,
            25.731554326467645
        ],
        "q99": [
            21.924787984695524,
            31.768040697323478,
            99.25009288099038,
            94.15765246508798,
            4.687740498015961,
            38.58948033301556
        ]
    },
    "timestamp": {
        "min": [
            0.0
        ],
        "max": [
            16.9
        ],
        "mean": [
            7.741508484325568
        ],
        "std": [
            4.514575404267461
        ],
        "count": [
            4636
        ],
        "q01": [
            0.13747345359749313
        ],
        "q10": [
            1.5330525984242624
        ],
        "q50": [
            7.736268882657394
        ],
        "q90": [
            13.946768296024931
        ],
        "q99": [
            15.345543515053643
        ]
    },
    "task_index": {
        "min": [
            0
        ],
        "max": [
            0
        ],
        "mean": [
            0.0
        ],
        "std": [
            0.0
        ],
        "count": [
            4636
        ],
        "q01": [
            3.9999999999994167e-16
        ],
        "q10": [
            3.999999999999417e-15
        ],
        "q50": [
            1.9999999999997088e-14
        ],
        "q90": [
            3.5999999999994754e-14
        ],
        "q99": [
            3.9599999999994235e-14
        ]
    },
    "index": {
        "min": [
            0
        ],
        "max": [
            4635
        ],
        "mean": [
            2317.5
        ],
        "std": [
            1338.2978928474781
        ],
        "count": [
            4636
        ],
        "q01": [
            2089.378949081006
        ],
        "q10": [
            2131.2463234252864
        ],
        "q50": [
            2317.3500815789475
        ],
        "q90": [
            2503.657794348657
        ],
        "q99": [
            2545.621050918994
        ]
    },
    "frame_index": {
        "min": [
            0
        ],
        "max": [
            507
        ],
        "mean": [
            232.24525452976704
        ],
        "std": [
            135.43726212802383
        ],
        "count": [
            4636
        ],
        "q01": [
            4.12420361077322
        ],
        "q10": [
            45.991577955053536
        ],
        "q50": [
            232.09533610871435
        ],
        "q90": [
            418.40304887842353
        ],
        "q99": [
            460.36630544876084
        ]
    },
    "action": {
        "min": [
            -28.372093200683594,
            -100.0,
            -98.84904479980469,
            45.82819747924805,
            -12.673993110656738,
            0.19029495120048523
        ],
        "max": [
            27.519380569458008,
            44.574668884277344,
            99.2917251586914,
            99.75338745117188,
            9.59706974029541,
            52.99714660644531
        ],
        "mean": [
            2.732107557799921,
            -58.38553011962522,
            56.39588241642976,
            71.47799019899936,
            -0.0492923592568421,
            5.24062553297558
        ],
        "std": [
            12.295920707944575,
            49.718736069950985,
            52.340821840508276,
            9.515751217301672,
            2.841469415517324,
            10.839532786591938
        ],
        "count": [
            4636
        ],
        "q01": [
            -26.4357089931827,
            -99.99251353483554,
            -66.95347396974012,
            52.51648249146442,
            -7.051431524616772,
            0.24778160367987093
        ],
        "q10": [
            -22.963758180070826,
            -99.84942466495198,
            -17.680743871504525,
            57.35599685844211,
            -4.685268209982371,
            0.3115836583022089
        ],
        "q50": [
            4.109624773409616,
            -98.11662678703343,
            94.17048481553574,
            72.66182041345023,
            0.5890752785545496,
            0.5128936059049649
        ],
        "q90": [
            17.16722169839894,
            15.839581737485393,
            99.15269907925095,
            81.23458277940858,
            2.30375957626749,
            26.11769328832695
        ],
        "q99": [
            22.102803101387384,
            30.152736351335744,
            99.16901065472551,
            95.02911397311422,
            5.101403400196507,
            43.44182141322119
        ]
    },
    "observation.images.laptop": {
        "min": [
            [
                [
                    0.0
                ]
            ],
            [
                [
                    0.0
                ]
            ],
            [
                [
                    0.0
                ]
            ]
        ],
        "max": [
            [
                [
                    1.0
                ]
            ],
            [
                [
                    1.0
                ]
            ],
            [
                [
                    1.0
                ]
            ]
        ],
        "mean": [
            [
                [
                    0.42981795551799634
                ]
            ],
            [
                [
                    0.4263938036904349
                ]
            ],
            [
                [
                    0.4268041769794034
                ]
            ]
        ],
        "std": [
            [
                [
                    0.006818204080979233
                ]
            ],
            [
                [
                    0.005863082742412358
                ]
            ],
            [
                [
                    0.007049534915226096
                ]
            ]
        ],
        "count": [
            1018
        ],
        "q01": [
            [
                [
                    0.03729862509401014
                ]
            ],
            [
                [
                    0.03493370186188387
                ]
            ],
            [
                [
                    0.047456304301402664
                ]
            ]
        ],