{
    "shoulder_pan.pos": 3.8570084666039577,
    "shoulder_lift.pos": -100.0,
    "elbow_flex.pos": -2.159161011721153,
    "wrist_flex.pos": 2.021993614757008,
    "wrist_roll.pos": -1.0438413361169125,
    "gripper.pos": 100.0
}
