{
    "left_shoulder_pan.pos": -34.12228796844181,
    "left_shoulder_lift.pos": 100.0,
    "left_elbow_flex.pos": -96.03045133224579,
    "left_wrist_flex.pos": -30.463266261113702,
    "left_wrist_roll.pos": 49.45054945054946,
    "left_gripper.pos": 100.0
}
