{
    "right_shoulder_pan.pos": 36.47520864015709,
    "right_shoulder_lift.pos": -92.82153539381855,
    "right_elbow_flex.pos": 99.61904761904762,
    "right_wrist_flex.pos": -0.9954751131221684,
    "right_wrist_roll.pos": -10.37851037851037,
    "right_gripper.pos": 0.0
}
