{
    "shoulder_pan.pos": -38.165680473372774,
    "shoulder_lift.pos": 100.0,
    "elbow_flex.pos": -97.7705274605764,
    "wrist_flex.pos": 6.691623771642497,
    "wrist_roll.pos": -0.659340659340657,
    "gripper.pos": 100.0
}
