{
    "shoulder_pan.pos": 44.329896907216494,
    "shoulder_lift.pos": -96.67663675639747,
    "elbow_flex.pos": 99.23809523809524,
    "wrist_flex.pos": -14.208144796380097,
    "wrist_roll.pos": 1.6361416361416303,
    "gripper.pos": 0.0
}
