{
    "shoulder_pan.pos": 1.1310084825636295,
    "shoulder_lift.pos": 100.0,
    "elbow_flex.pos": 1.399688958009321,
    "wrist_flex.pos": 0.43227665706051255,
    "wrist_roll.pos": -5.08757297748123,
    "gripper.pos": 0.0
}
